move dev-java/oro dev-java/jakarta-oro
move dev-java/regexp dev-java/jakarta-regexp
move dev-perl/Locale-Maketext-Lexicon dev-perl/locale-maketext-lexicon
move dev-java/xt-bin dev-java/xt
move dev-java/fesi-bin dev-java/fesi
move app-emulation/mips64emul app-emulation/gxemul
move dev-java/java-gtk dev-java/libgtk-java
move dev-java/webgraph-bin dev-java/webgraph
move dev-java/mg4j-bin dev-java/mg4j
move dev-java/jal-bin dev-java/jal
move net-misc/lrzsz net-dialup/lrzsz
move net-misc/cutecom net-dialup/cutecom
move net-misc/slirp net-dialup/slirp
move sys-apps/acpi sys-power/acpi
move www-proxy/amphetadesk net-news/amphetadesk
move www-proxy/adzapper net-proxy/adzapper
move www-proxy/dansguardian net-proxy/dansguardian
move www-proxy/dansguardian-dgav net-proxy/dansguardian-dgav
move www-proxy/httpush net-proxy/httpush
move www-proxy/junkbuster net-proxy/junkbuster
move www-proxy/middleman net-proxy/middleman
move www-proxy/ntlmaps net-proxy/ntlmaps
move www-proxy/oops net-proxy/oops
move www-proxy/paros net-proxy/paros
move www-proxy/polipo net-proxy/polipo
move www-proxy/privoxy net-proxy/privoxy
move www-proxy/squid net-proxy/squid
move www-proxy/squidguard net-proxy/squidguard
move www-proxy/squirm net-proxy/squirm
move www-proxy/tinyproxy net-proxy/tinyproxy
move www-proxy/webscarab net-proxy/webscarab
move www-proxy/wwwoffle net-proxy/wwwoffle
move net-misc/dante net-proxy/dante
move net-misc/3proxy net-proxy/3proxy
move net-misc/nylon net-proxy/nylon
move net-misc/tsocks net-proxy/tsocks
move dev-perl/Text-CSV dev-perl/Text-CSV_XS
move net-misc/kcmpureftpd net-ftp/kcmpureftpd
move net-misc/linksys-tftp net-ftp/linksys-tftp
move net-misc/netkit-tftp net-ftp/netkit-tftp
move net-p2p/donkey net-p2p/edonkey
move net-misc/rol net-news/rol
move net-misc/multiimonc net-dialup/multiimonc
move net-misc/totd net-dns/totd
slotmove =dev-libs/libsigc++-2.0.5 1.3 2
move dev-java/dbunit-bin dev-java/dbunit
move games-misc/xcruise games-misc/xcruiser
move dev-perl/mod_perl www-apache/mod_perl
move dev-perl/libapreq www-apache/libapreq
move dev-perl/libapreq2 www-apache/libapreq2
move net-misc/sendpage net-dialup/sendpage
move net-misc/serlook net-dialup/serlook
move net-wireless/gnome-phone-manager app-mobilephone/gnome-phone-manager
move net-dialup/gnokii app-mobilephone/gnokii
move net-dialup/gammu app-mobilephone/gammu
move net-dialup/wammu app-mobilephone/wammu
move app-misc/scmxx app-mobilephone/scmxx
move app-misc/gscmxx app-mobilephone/gscmxx
move app-misc/vmoconv app-mobilephone/vmoconv
slotmove =dev-java/commons-beanutils-1.6* 0 1.6
slotmove =dev-java/commons-beanutils-1.7* 0 1.7
move app-misc/ringtonetools app-mobilephone/ringtonetools
move app-pda/bitpim app-mobilephone/bitpim
move app-pda/x70talk app-mobilephone/x70talk
move net-wireless/obexftp app-mobilephone/obexftp
move net-misc/linuxsms app-mobilephone/linuxsms
move net-misc/esms app-mobilephone/esms
move net-misc/gtkesms app-mobilephone/gtkesms
move net-misc/sms app-mobilephone/sms
move net-misc/smssend app-mobilephone/smssend
move net-misc/gsmlib app-mobilephone/gsmlib
move net-misc/ksms app-mobilephone/ksms
move media-sound/bemused app-mobilephone/bemused
move kde-misc/kmobiletools app-mobilephone/kmobiletools
move sys-kernel/hardened-dev-sources sys-kernel/hardened-sources
move media-tv/mythfrontend media-tv/mythtv
move media-fonts/erza-sil media-fonts/ezra-sil
move dev-perl/CGI perl-core/CGI
move dev-perl/DB_File perl-core/DB_File
move dev-perl/digest-base perl-core/digest-base
move dev-perl/Digest-MD5 perl-core/Digest-MD5
move dev-perl/Test perl-core/Test
move dev-perl/Math-BigInt perl-core/Math-BigInt
move dev-perl/i18n-langtags perl-core/i18n-langtags
move dev-perl/File-Spec perl-core/File-Spec
move dev-perl/File-Temp perl-core/File-Temp
move dev-perl/Getopt-Long perl-core/Getopt-Long
move dev-perl/MIME-Base64 perl-core/MIME-Base64
move dev-perl/Memoize perl-core/Memoize
move dev-perl/Safe perl-core/Safe
move dev-perl/Storable perl-core/Storable
move dev-perl/Test-Harness perl-core/Test-Harness
move dev-perl/Test-Simple perl-core/Test-Simple
move dev-perl/Text-Balanced perl-core/Text-Balanced
move dev-perl/Time-HiRes perl-core/Time-HiRes
move dev-perl/Time-Local perl-core/Time-Local
move dev-perl/locale-maketext perl-core/locale-maketext
move dev-perl/net-ping perl-core/net-ping
move dev-perl/ExtUtils-MakeMaker perl-core/ExtUtils-MakeMaker
move net-analyzer/piwi net-analyzer/prewikka
move x11-themes/plastique x11-themes/polymer
move app-text/gnu-ghostscript app-text/ghostscript-gnu
move app-admin/eclectic app-admin/eselect
move dev-python/menumaker x11-misc/menumaker
move app-portage/qfile app-portage/portage-utils
move app-text/gobby app-editors/gobby
move dev-db/kexi app-office/kexi
