move dev-java/jmx dev-java/sun-jmx
move dev-java/jms dev-java/sun-jms
move net-misc/entropy net-p2p/entropy_rsa
move x11-apps/twm x11-wm/twm
move app-arch/open_c-lit app-text/convertlit
move app-text/open_c-lit app-text/convertlit
move sys-apps/kudzu sys-libs/libkudzu
move sys-apps/kudzu-knoppix sys-libs/libkudzu
move sys-libs/libkudzu-knoppix sys-libs/libkudzu
move sci-libs/charm sys-cluster/charm
move dev-php/onphp dev-php5/onphp
move app-mobilephone/ussp-push net-wireless/ussp-push
move media-video/ati-drivers x11-drivers/ati-drivers
move media-video/ati-drivers-extra x11-apps/ati-drivers-extra
move dev-php/phpsysinfo www-apps/phpsysinfo
move net-www/webapp-config app-admin/webapp-config
move app-admin/watchdog sys-apps/watchdog
move net-wireless/orinoco-cvs net-wireless/orinoco
move sci-chemistry/libghemical sci-libs/libghemical
move media-video/mtxdrivers-pro x11-drivers/mtxdrivers-pro
move media-video/kyro-drivers x11-drivers/kyro-drivers
move x11-misc/synaptics x11-drivers/synaptics
move x11-misc/ttmkfdir x11-apps/ttmkfdir
move app-misc/plextor-tool app-cdr/plextor-tool
move dev-perl/Filter perl-core/Filter
move dev-perl/PodParser perl-core/PodParser
move dev-perl/Scalar-List-Utils perl-core/Scalar-List-Utils
move dev-perl/libnet perl-core/libnet
move net-misc/rfb x11-misc/x11vnc
move dev-php/propel dev-php5/propel
move dev-php/propel-generator dev-php5/propel-generator
move dev-php/propel-runtime dev-php5/propel-runtime
move dev-php/phing dev-php5/phing
move dev-php/PEAR-PHPUnit2 dev-php5/PEAR-PHPUnit2
move dev-php/agavi dev-php5/agavi
move app-text/ghostscript app-text/ghostscript-esp
move dev-php/PEAR-XML_CSSML dev-php4/PEAR-XML_CSSML
move dev-php/PEAR-XML_XPath dev-php4/PEAR-XML_XPath
move app-text/ghostview app-text/gv
